<?xml version="1.0" encoding="UTF-8"?>
<!--
 |  Copyright 2015 Adobe Systems Incorporated
 |
 |  Licensed under the Apache License, Version 2.0 (the "License");
 |  you may not use this file except in compliance with the License.
 |  You may obtain a copy of the License at
 |
 |      http://www.apache.org/licenses/LICENSE-2.0
 |
 |  Unless required by applicable law or agreed to in writing, software
 |  distributed under the License is distributed on an "AS IS" BASIS,
 |  WITHOUT WARRANTIES OR CONDITIONS OF ANY KIND, either express or implied.
 |  See the License for the specific language governing permissions and
 |  limitations under the License.
-->
<archetype-descriptor xsi:schemaLocation="http://maven.apache.org/plugins/maven-archetype-plugin/archetype-descriptor/1.0.0 http://maven.apache.org/xsd/archetype-descriptor-1.0.0.xsd" name="aem-archetype"
    xmlns="http://maven.apache.org/plugins/maven-archetype-plugin/archetype-descriptor/1.0.0"
    xmlns:xsi="http://www.w3.org/2001/XMLSchema-instance">

    <requiredProperties>
        <!--
           This is the name which will be set as the artifact name and used to derive the bundle
           and package names.
        -->
        <requiredProperty key="artifactName">
            <defaultValue>${artifactId}</defaultValue>
        </requiredProperty>
            <!--
               This is the group identifier for the package. Used with the
               Package Manager and Package Share.
            -->
        <requiredProperty key="packageGroup">
        	<defaultValue>${artifactId}</defaultValue>
        </requiredProperty>
        <!--
           This is the folder under /apps into which the bundle and package content will be installed.
        -->
        <requiredProperty key="appsFolderName">
            <defaultValue>${artifactId}</defaultValue>
        </requiredProperty>        
        <requiredProperty key="contentFolderName">
            <defaultValue>${artifactId}</defaultValue>
        </requiredProperty>
        <requiredProperty key="confFolderName">
            <defaultValue>${artifactId}</defaultValue>
        </requiredProperty>
        <requiredProperty key="cssId">
            <defaultValue>${artifactId}</defaultValue>
        </requiredProperty>
        <requiredProperty key="componentGroupName">
            <defaultValue>${artifactId}</defaultValue>
        </requiredProperty>
        <requiredProperty key="siteName">
            <defaultValue>${artifactId}</defaultValue>
        </requiredProperty>
    </requiredProperties>

    <modules>
        <module id="${rootArtifactId}.core" dir="core" name="core">
            <fileSets>
                <fileSet filtered="true" packaged="true"
                    encoding="UTF-8">
                    <directory>src/main/java</directory>
                    <includes>
                        <include>**/*.java</include>
                    </includes>
                </fileSet>
                <fileSet filtered="true" packaged="true"
                    encoding="UTF-8">
                    <directory>src/test/java</directory>
                    <includes>
                        <include>**/*.java</include>
                    </includes>
                </fileSet>
            </fileSets>
        </module>
        <module id="${rootArtifactId}.ui.apps" dir="ui.apps" name="ui.apps">
            <fileSets>
                <!--
                <fileSet packaged="false" encoding="UTF-8">
                    <directory></directory>
                    <includes>
                        <include>README.txt</include>
                    </includes>
                </fileSet>
                -->
                <fileSet filtered="true" packaged="false"
                    encoding="UTF-8">
                    <directory>src/main/content</directory>
                    <includes>
                        <include>**/*.*</include>
                    </includes>
                    <excludes>
                        <exclude>**/*.png</exclude>
                        <exclude>**/image</exclude>
                        <exclude>**/file</exclude>
                    </excludes>
                </fileSet>
                <fileSet filtered="false" packaged="false"
                    encoding="UTF-8">
                    <directory>src/main/content</directory>
                    <includes>
                        <include>**/*.png</include>
                        <include>**/image</include>
                        <include>**/file</include>
                    </includes>
                </fileSet>
                <fileSet filtered="false" packaged="false"
                    encoding="UTF-8">
                    <directory>src/main/content/jcr_root</directory>
                    <includes>
                        <include>**/*</include>
                    </includes>
                </fileSet>
            </fileSets>
        </module>
        <module id="${rootArtifactId}.ui.content" dir="ui.content" name="ui.content">
            <fileSets>
                <!--
                <fileSet packaged="false" encoding="UTF-8">
                    <directory></directory>
                    <includes>
                        <include>README.txt</include>
                    </includes>
                </fileSet>
                -->
                <fileSet filtered="true" packaged="false"
                    encoding="UTF-8">
                    <directory>src/main/content</directory>
                    <includes>
                        <include>**/*.*</include>
                    </includes>
                    <excludes>
                        <exclude>**/*.png</exclude>
                        <exclude>**/image</exclude>
                        <exclude>**/file</exclude>
                    </excludes>
                </fileSet>
                <fileSet filtered="false" packaged="false"
                    encoding="UTF-8">
                    <directory>src/main/content</directory>
                    <includes>
                        <include>**/*.png</include>
                        <include>**/image</include>
                        <include>**/file</include>
                    </includes>
                </fileSet>
                <fileSet filtered="false" packaged="false"
                    encoding="UTF-8">
                    <directory>src/main/content/jcr_root</directory>
                    <includes>
                        <include>**/*</include>
                    </includes>
                </fileSet>
            </fileSets>
        </module>
        <module id="${rootArtifactId}.it.tests" dir="it.tests" name="it.tests">
            <fileSets>
                <fileSet filtered="true" packaged="true"
                    encoding="UTF-8">
                    <directory>src/main/java</directory>
                    <includes>
                        <include>**/*.java</include>
                    </includes>
                </fileSet>
                <fileSet filtered="true" packaged="true"
                    encoding="UTF-8">
                    <directory>src/test/java</directory>
                    <includes>
                        <include>**/*.java</include>
                    </includes>
                </fileSet>
            </fileSets>
        </module>
        <module id="${rootArtifactId}.it.launcher" dir="it.launcher" name="it.launcher">
            <fileSets>
                <fileSet filtered="true" packaged="true"
                    encoding="UTF-8">
                    <directory>src/main/java</directory>
                    <includes>
                        <include>**/*.java</include>
                    </includes>
                </fileSet>
                <fileSet filtered="true" packaged="true"
                    encoding="UTF-8">
                    <directory>src/test/java</directory>
                    <includes>
                        <include>**/*.java</include>
                    </includes>
                </fileSet>
            </fileSets>
        </module>
    </modules>

  <fileSets>
    <fileSet encoding="UTF-8">
      <directory></directory>
      <includes>
        <include>README.md</include>
      </includes>
    </fileSet>
    <fileSet encoding="UTF-8">
      <directory></directory>
      <includes>
        <include>.gitignore</include>
      </includes>
    </fileSet>
  </fileSets>
</archetype-descriptor>
